archetype,seed,year,troops,armies,warArmies,sieges,conquestsCum,warsActive,capturedCum
passive,7,1,27,0,0,0,0,0,0
passive,7,2,27,0,0,0,0,0,0
passive,7,3,3,0,0,0,0,0,0
passive,7,4,3,0,0,0,0,0,0
passive,7,5,3,0,0,0,0,0,0
passive,7,6,0,0,0,0,0,0,0
passive,7,7,0,0,0,0,0,0,0
passive,7,8,0,0,0,0,0,0,0
passive,7,9,0,0,0,0,0,0,0
passive,7,10,0,0,0,0,0,0,0
passive,7,11,0,0,0,0,0,0,0
passive,7,12,0,0,0,0,0,0,0
passive,7,13,0,0,0,0,0,0,0
passive,7,14,0,0,0,0,0,0,0
passive,7,15,0,0,0,0,0,0,0
passive,7,16,0,0,0,0,0,0,0
passive,7,17,0,0,0,0,0,0,0
passive,7,18,0,0,0,0,0,0,0
passive,7,19,0,0,0,0,0,0,0
passive,7,20,0,0,0,0,0,0,0
passive,7,21,0,0,0,0,0,0,0
passive,7,22,0,0,0,0,0,0,0
passive,7,23,0,0,0,0,0,0,0
passive,7,24,0,0,0,0,0,0,0
passive,7,25,0,0,0,0,0,0,0
passive,42,1,27,0,0,0,0,0,0
passive,42,2,27,0,0,0,0,0,0
passive,42,3,27,0,0,0,0,0,0
passive,42,4,27,0,0,0,0,0,0
passive,42,5,27,0,0,0,0,0,0
passive,42,6,27,0,0,0,0,0,0
passive,42,7,27,0,0,0,0,0,0
passive,42,8,27,0,0,0,0,0,0
passive,42,9,27,0,0,0,0,0,0
passive,42,10,27,0,0,0,0,0,0
passive,42,11,27,0,0,0,0,0,0
passive,42,12,27,0,0,0,0,0,0
passive,42,13,27,0,0,0,0,0,0
passive,42,14,27,0,0,0,0,0,0
passive,42,15,27,0,0,0,0,0,0
passive,42,16,16,0,0,0,0,0,0
passive,42,17,16,0,0,0,0,0,0
passive,42,18,12,0,0,0,0,0,0
passive,42,19,12,0,0,0,0,0,0
passive,42,20,1,0,0,0,0,0,0
passive,42,21,1,0,0,0,0,0,0
passive,42,22,1,0,0,0,0,0,0
passive,42,23,0,0,0,0,0,0,0
passive,42,24,0,0,0,0,0,0,0
passive,42,25,0,0,0,0,0,0,0
passive,42,26,0,0,0,0,0,0,0
passive,42,27,0,0,0,0,0,0,0
passive,42,28,0,0,0,0,0,0,0
passive,42,29,0,0,0,0,0,0,0
passive,42,30,0,0,0,0,0,0,0
passive,42,31,0,0,0,0,0,0,0
passive,42,32,0,0,0,0,0,0,0
passive,42,33,0,0,0,0,0,0,0
passive,42,34,0,0,0,0,0,0,0
passive,42,35,0,0,0,0,0,0,0
passive,42,36,0,0,0,0,0,0,0
passive,42,37,0,0,0,0,0,0,0
passive,42,38,0,0,0,0,0,0,0
passive,42,39,0,0,0,0,0,0,0
passive,42,40,0,0,0,0,0,0,0
passive,42,41,0,0,0,0,0,0,0
passive,42,42,0,0,0,0,0,0,0
passive,42,43,0,0,0,0,0,0,0
passive,42,44,0,0,0,0,0,0,0
passive,42,45,0,0,0,0,0,0,0
conquest,7,1,120,2,2,0,0,0,19
conquest,7,2,161,2,2,0,0,0,36
conquest,7,3,140,2,2,0,0,0,36
conquest,7,4,112,2,2,0,0,0,36
conquest,7,5,98,2,2,0,0,0,36
conquest,7,6,89,2,2,0,0,0,36
conquest,7,7,81,2,2,0,0,0,36
conquest,7,8,53,2,2,0,0,0,36
conquest,7,9,19,1,1,0,0,0,36
conquest,7,10,46,0,0,0,0,0,36
conquest,7,11,82,1,1,0,0,0,36
conquest,7,12,81,1,1,0,0,0,36
conquest,7,13,77,1,1,0,0,0,36
conquest,7,14,75,1,1,0,0,0,36
conquest,7,15,72,1,1,0,0,0,36
conquest,7,16,9,1,1,0,0,0,36
conquest,7,17,0,0,0,0,0,0,36
conquest,7,18,0,0,0,0,0,0,36
conquest,7,19,0,0,0,0,0,0,36
conquest,7,20,0,0,0,0,0,0,36
conquest,7,21,0,0,0,0,0,0,36
conquest,7,22,77,1,1,0,0,0,36
conquest,7,23,12,0,0,0,1,1,36
conquest,7,24,52,0,0,0,1,1,36
conquest,7,25,42,0,0,0,1,1,36
conquest,7,26,37,0,0,0,1,1,36
conquest,7,27,33,0,0,0,1,1,36
conquest,7,28,3,0,0,0,1,1,36
conquest,7,29,3,0,0,0,1,1,36
conquest,7,30,0,0,0,0,1,1,36
conquest,7,31,0,0,0,0,1,1,36
conquest,7,32,0,0,0,0,1,1,36
conquest,7,33,40,0,0,0,1,1,36
conquest,7,34,80,1,1,0,1,1,36
conquest,7,35,198,2,2,0,1,1,69
conquest,7,36,278,2,2,0,2,2,69
conquest,7,37,398,2,2,1,2,2,69
conquest,7,38,391,2,2,0,3,2,69
conquest,42,1,138,2,2,0,0,0,0
conquest,42,2,45,2,2,0,0,0,10
conquest,42,3,6,2,2,0,0,0,10
conquest,42,4,4,1,1,0,0,0,10
conquest,42,5,4,1,1,0,0,0,10
conquest,42,6,4,1,1,0,0,0,10
conquest,42,7,4,1,1,0,0,0,10
conquest,42,8,4,1,1,0,0,0,10
conquest,42,9,4,1,1,0,0,0,10
conquest,42,10,4,1,1,0,0,0,10
conquest,42,11,4,1,1,0,0,0,10
conquest,42,12,4,1,1,0,0,0,10
conquest,42,13,4,1,1,0,0,0,10
conquest,42,14,0,0,0,0,0,0,10
conquest,42,15,0,0,0,0,0,0,10
conquest,42,16,0,0,0,0,0,0,10
conquest,42,17,0,0,0,0,0,0,10
conquest,42,18,0,0,0,0,0,0,10
conquest,42,19,0,0,0,0,0,0,10
conquest,42,20,0,0,0,0,0,0,10
conquest,42,21,0,0,0,0,0,0,10
conquest,42,22,0,0,0,0,0,0,10
conquest,42,23,0,0,0,0,0,0,10
conquest,42,24,0,0,0,0,0,0,10
conquest,42,25,0,0,0,0,0,0,10
faith,7,1,27,0,0,0,0,0,0
faith,7,2,24,0,0,0,0,0,0
faith,7,3,2,0,0,0,0,0,0
faith,7,4,0,0,0,0,0,0,0
faith,7,5,0,0,0,0,0,0,0
faith,7,6,0,0,0,0,0,0,0
faith,7,7,0,0,0,0,0,0,0
faith,7,8,0,0,0,0,0,0,0
faith,7,9,0,0,0,0,0,0,0
faith,7,10,0,0,0,0,0,0,0
faith,7,11,0,0,0,0,0,0,0
faith,7,12,0,0,0,0,0,0,0
faith,7,13,0,0,0,0,0,0,0
faith,7,14,0,0,0,0,0,0,0
faith,7,15,0,0,0,0,0,0,0
faith,7,16,0,0,0,0,0,0,0
faith,7,17,0,0,0,0,0,0,0
faith,7,18,0,0,0,0,0,0,0
faith,42,1,27,0,0,0,0,0,0
faith,42,2,27,0,0,0,0,0,0
faith,42,3,25,0,0,0,0,0,0
faith,42,4,20,0,0,0,0,0,0
faith,42,5,17,0,0,0,0,0,0
faith,42,6,16,0,0,0,0,0,0
faith,42,7,12,0,0,0,0,0,0
faith,42,8,12,0,0,0,0,0,0
faith,42,9,12,0,0,0,0,0,0
faith,42,10,12,0,0,0,0,0,0
faith,42,11,8,0,0,0,0,0,0
faith,42,12,6,0,0,0,0,0,0
faith,42,13,6,0,0,0,0,0,0
faith,42,14,1,0,0,0,0,0,0
faith,42,15,1,0,0,0,0,0,0
faith,42,16,0,0,0,0,0,0,0
faith,42,17,0,0,0,0,0,0,0
faith,42,18,0,0,0,0,0,0,0
faith,42,19,0,0,0,0,0,0,0
faith,42,20,0,0,0,0,0,0,0
faith,42,21,0,0,0,0,0,0,0
faith,42,22,0,0,0,0,0,0,0
faith,42,23,0,0,0,0,0,0,0
faith,42,24,0,0,0,0,0,0,0
faith,42,25,0,0,0,0,0,0,0
faith,42,26,0,0,0,0,0,0,0
merchant,7,1,27,0,0,0,0,0,0
merchant,7,2,27,0,0,0,0,0,0
merchant,7,3,3,0,0,0,0,0,0
merchant,7,4,3,0,0,0,0,0,0
merchant,7,5,3,0,0,0,0,0,0
merchant,7,6,0,0,0,0,0,0,0
merchant,7,7,0,0,0,0,0,0,0
merchant,7,8,0,0,0,0,0,0,0
merchant,7,9,0,0,0,0,0,0,0
merchant,7,10,0,0,0,0,0,0,0
merchant,7,11,0,0,0,0,0,0,0
merchant,7,12,0,0,0,0,0,0,0
merchant,7,13,0,0,0,0,0,0,0
merchant,7,14,0,0,0,0,0,0,0
merchant,7,15,0,0,0,0,0,0,0
merchant,7,16,0,0,0,0,0,0,0
merchant,7,17,0,0,0,0,0,0,0
merchant,7,18,0,0,0,0,0,0,0
merchant,7,19,0,0,0,0,0,0,0
merchant,7,20,0,0,0,0,0,0,0
merchant,7,21,0,0,0,0,0,0,0
merchant,7,22,0,0,0,0,0,0,0
merchant,7,23,0,0,0,0,0,0,0
merchant,7,24,0,0,0,0,0,0,0
merchant,7,25,0,0,0,0,0,0,0
merchant,7,26,0,0,0,0,0,0,0
merchant,7,27,0,0,0,0,0,0,0
merchant,7,28,0,0,0,0,0,0,0
merchant,7,29,0,0,0,0,0,0,0
merchant,7,30,0,0,0,0,0,0,0
merchant,7,31,0,0,0,0,0,0,0
merchant,7,32,0,0,0,0,0,0,0
merchant,7,33,0,0,0,0,0,0,0
merchant,7,34,0,0,0,0,0,0,0
merchant,7,35,0,0,0,0,0,0,0
merchant,7,36,0,0,0,0,0,0,0
merchant,7,37,0,0,0,0,0,0,0
merchant,7,38,0,0,0,0,0,0,0
merchant,7,39,0,0,0,0,0,0,0
merchant,7,40,0,0,0,0,0,0,0
merchant,7,41,0,0,0,0,0,0,0
merchant,7,42,0,0,0,0,0,0,0
merchant,7,43,0,0,0,0,0,0,0
merchant,7,44,0,0,0,0,0,0,0
merchant,7,45,0,0,0,0,0,0,0
merchant,7,46,0,0,0,0,0,0,0
merchant,7,47,0,0,0,0,0,0,0
merchant,7,48,0,0,0,0,0,0,0
merchant,7,49,0,0,0,0,0,0,0
merchant,7,50,0,0,0,0,0,0,0
merchant,7,51,0,0,0,0,0,0,0
merchant,7,52,0,0,0,0,0,0,0
merchant,7,53,0,0,0,0,0,0,0
merchant,7,54,0,0,0,0,0,0,0
merchant,7,55,0,0,0,0,0,0,0
merchant,7,56,0,0,0,0,0,0,0
merchant,7,57,0,0,0,0,0,0,0
merchant,7,58,0,0,0,0,0,0,0
merchant,7,59,0,0,0,0,0,0,0
merchant,7,60,0,0,0,0,0,0,0
merchant,7,61,0,0,0,0,0,0,0
merchant,7,62,0,0,0,0,0,0,0
merchant,7,63,0,0,0,0,0,0,0
merchant,7,64,0,0,0,0,0,0,0
merchant,7,65,0,0,0,0,0,0,0
merchant,7,66,0,0,0,0,0,0,0
merchant,7,67,0,0,0,0,0,0,0
merchant,7,68,0,0,0,0,0,0,0
merchant,7,69,0,0,0,0,0,0,0
merchant,7,70,0,0,0,0,0,0,0
merchant,7,71,0,0,0,0,0,0,0
merchant,7,72,0,0,0,0,0,0,0
merchant,7,73,0,0,0,0,0,0,0
merchant,7,74,0,0,0,0,0,0,0
merchant,7,75,0,0,0,0,0,0,0
merchant,7,76,0,0,0,0,0,0,0
merchant,7,77,0,0,0,0,0,0,0
merchant,7,78,0,0,0,0,0,0,0
merchant,7,79,0,0,0,0,0,0,0
merchant,7,80,0,0,0,0,0,0,0
merchant,7,81,0,0,0,0,0,0,0
merchant,7,82,0,0,0,0,0,0,0
merchant,7,83,0,0,0,0,0,0,0
merchant,7,84,0,0,0,0,0,0,0
merchant,7,85,0,0,0,0,0,0,0
merchant,7,86,0,0,0,0,0,0,0
merchant,7,87,0,0,0,0,0,0,0
merchant,7,88,0,0,0,0,0,0,0
merchant,7,89,0,0,0,0,0,0,0
merchant,7,90,0,0,0,0,0,0,0
merchant,7,91,0,0,0,0,0,0,0
merchant,7,92,0,0,0,0,0,0,0
merchant,7,93,0,0,0,0,0,0,0
merchant,7,94,0,0,0,0,0,0,0
merchant,7,95,0,0,0,0,0,0,0
merchant,7,96,0,0,0,0,0,0,0
merchant,7,97,0,0,0,0,0,0,0
merchant,7,98,0,0,0,0,0,0,0
merchant,7,99,0,0,0,0,0,0,0
merchant,7,100,0,0,0,0,0,0,0
merchant,42,1,27,0,0,0,0,0,0
merchant,42,2,27,0,0,0,0,0,0
merchant,42,3,27,0,0,0,0,0,0
merchant,42,4,27,0,0,0,0,0,0
merchant,42,5,27,0,0,0,0,0,0
merchant,42,6,27,0,0,0,0,0,0
merchant,42,7,27,0,0,0,0,0,0
merchant,42,8,27,0,0,0,0,0,0
merchant,42,9,27,0,0,0,0,0,0
merchant,42,10,27,0,0,0,0,0,0
merchant,42,11,27,0,0,0,0,0,0
merchant,42,12,27,0,0,0,0,0,0
merchant,42,13,27,0,0,0,0,0,0
merchant,42,14,27,0,0,0,0,0,0
merchant,42,15,27,0,0,0,0,0,0
merchant,42,16,16,0,0,0,0,0,0
merchant,42,17,16,0,0,0,0,0,0
merchant,42,18,12,0,0,0,0,0,0
merchant,42,19,12,0,0,0,0,0,0
merchant,42,20,1,0,0,0,0,0,0
merchant,42,21,1,0,0,0,0,0,0
merchant,42,22,1,0,0,0,0,0,0
merchant,42,23,0,0,0,0,0,0,0
merchant,42,24,0,0,0,0,0,0,0
merchant,42,25,0,0,0,0,0,0,0
merchant,42,26,0,0,0,0,0,0,0
merchant,42,27,0,0,0,0,0,0,0
merchant,42,28,0,0,0,0,0,0,0
merchant,42,29,0,0,0,0,0,0,0
merchant,42,30,0,0,0,0,0,0,0
merchant,42,31,0,0,0,0,0,0,0
merchant,42,32,0,0,0,0,0,0,0
merchant,42,33,0,0,0,0,0,0,0
merchant,42,34,0,0,0,0,0,0,0
merchant,42,35,0,0,0,0,0,0,0
merchant,42,36,0,0,0,0,0,0,0
merchant,42,37,0,0,0,0,0,0,0
merchant,42,38,0,0,0,0,0,0,0
merchant,42,39,0,0,0,0,0,0,0
merchant,42,40,0,0,0,0,0,0,0
merchant,42,41,0,0,0,0,0,0,0
merchant,42,42,0,0,0,0,0,0,0
merchant,42,43,0,0,0,0,0,0,0
merchant,42,44,0,0,0,0,0,0,0
merchant,42,45,0,0,0,0,0,0,0
merchant,42,46,0,0,0,0,0,0,0
merchant,42,47,0,0,0,0,0,0,0
merchant,42,48,0,0,0,0,0,0,0
merchant,42,49,0,0,0,0,0,0,0
merchant,42,50,0,0,0,0,0,0,0
merchant,42,51,0,0,0,0,0,0,0
merchant,42,52,0,0,0,0,0,0,0
merchant,42,53,0,0,0,0,0,0,0
merchant,42,54,0,0,0,0,0,0,0
merchant,42,55,0,0,0,0,0,0,0
merchant,42,56,0,0,0,0,0,0,0
merchant,42,57,0,0,0,0,0,0,0
merchant,42,58,0,0,0,0,0,0,0
merchant,42,59,0,0,0,0,0,0,0
merchant,42,60,0,0,0,0,0,0,0
merchant,42,61,0,0,0,0,0,0,0
merchant,42,62,0,0,0,0,0,0,0
merchant,42,63,0,0,0,0,0,0,0
merchant,42,64,0,0,0,0,0,0,0
merchant,42,65,0,0,0,0,0,0,0
merchant,42,66,0,0,0,0,0,0,0
merchant,42,67,0,0,0,0,0,0,0
merchant,42,68,0,0,0,0,0,0,0
merchant,42,69,0,0,0,0,0,0,0
merchant,42,70,0,0,0,0,0,0,0
merchant,42,71,0,0,0,0,0,0,0
merchant,42,72,0,0,0,0,0,0,0
merchant,42,73,0,0,0,0,0,0,0
merchant,42,74,0,0,0,0,0,0,0
merchant,42,75,0,0,0,0,0,0,0
merchant,42,76,0,0,0,0,0,0,0
merchant,42,77,0,0,0,0,0,0,0
merchant,42,78,0,0,0,0,0,0,0
merchant,42,79,0,0,0,0,0,0,0
merchant,42,80,0,0,0,0,0,0,0
merchant,42,81,0,0,0,0,0,0,0
merchant,42,82,0,0,0,0,0,0,0
merchant,42,83,0,0,0,0,0,0,0
merchant,42,84,0,0,0,0,0,0,0
merchant,42,85,0,0,0,0,0,0,0
merchant,42,86,0,0,0,0,0,0,0
merchant,42,87,0,0,0,0,0,0,0
merchant,42,88,0,0,0,0,0,0,0
merchant,42,89,0,0,0,0,0,0,0
merchant,42,90,0,0,0,0,0,0,0
merchant,42,91,0,0,0,0,0,0,0
merchant,42,92,0,0,0,0,0,0,0
merchant,42,93,0,0,0,0,0,0,0
merchant,42,94,0,0,0,0,0,0,0
merchant,42,95,0,0,0,0,0,0,0
merchant,42,96,0,0,0,0,0,0,0
merchant,42,97,0,0,0,0,0,0,0
merchant,42,98,0,0,0,0,0,0,0
merchant,42,99,0,0,0,0,0,0,0
merchant,42,100,0,0,0,0,0,0,0
nomad,7,1,117,1,1,0,0,0,0
nomad,7,2,171,2,2,0,0,0,35
nomad,7,3,68,2,2,0,0,0,35
nomad,7,4,29,1,1,0,0,0,35
nomad,7,5,6,1,1,0,0,0,35
nomad,7,6,0,0,0,0,0,0,35
nomad,7,7,0,0,0,0,0,0,35
nomad,7,8,0,0,0,0,0,0,35
nomad,7,9,0,0,0,0,0,0,35
nomad,7,10,4,0,0,0,0,0,35
nomad,7,11,4,0,0,0,0,0,35
nomad,7,12,4,0,0,0,0,0,35
nomad,7,13,4,0,0,0,0,0,35
nomad,7,14,0,0,0,0,0,0,35
nomad,7,15,0,0,0,0,0,0,35
nomad,7,16,0,0,0,0,0,0,35
nomad,7,17,0,0,0,0,0,0,35
nomad,7,18,0,0,0,0,0,0,35
nomad,7,19,0,0,0,0,0,0,35
nomad,7,20,0,0,0,0,0,0,35
nomad,7,21,0,0,0,0,0,0,35
nomad,7,22,3,0,0,0,0,0,35
nomad,7,23,3,0,0,0,0,0,35
nomad,7,24,3,0,0,0,0,0,35
nomad,7,25,0,0,0,0,0,0,35
nomad,42,1,117,1,1,0,0,0,0
nomad,42,2,76,2,2,0,0,0,6
nomad,42,3,66,2,2,0,0,0,6
nomad,42,4,62,2,2,0,0,0,9
nomad,42,5,60,2,2,0,0,0,9
nomad,42,6,59,2,2,0,0,0,9
nomad,42,7,55,2,2,0,0,0,9
nomad,42,8,83,2,2,0,0,0,9
nomad,42,9,79,2,2,0,0,0,9
nomad,42,10,70,2,2,0,0,0,9
nomad,42,11,65,2,2,0,0,0,9
nomad,42,12,60,2,2,0,0,0,9
nomad,42,13,56,2,2,0,0,0,9
nomad,42,14,47,2,2,0,0,0,9
nomad,42,15,5,1,1,0,0,0,9
nomad,42,16,0,0,0,0,0,0,9
nomad,42,17,0,0,0,0,0,0,9
nomad,42,18,0,0,0,0,0,0,9
nomad,42,19,0,0,0,0,0,0,9
nomad,42,20,60,1,1,0,0,0,9
nomad,42,21,46,1,1,0,0,0,9
nomad,42,22,30,0,0,0,0,0,9
nomad,42,23,2,0,0,0,0,0,9
nomad,42,24,1,0,0,0,0,0,9
nomad,42,25,1,0,0,0,0,0,9
nomad,42,26,1,0,0,0,0,0,9
nomad,42,27,0,0,0,0,0,0,9
nomad,42,28,0,0,0,0,0,0,9
builder,7,1,27,0,0,0,0,0,0
builder,7,2,27,0,0,0,0,0,0
builder,7,3,3,0,0,0,0,0,0
builder,7,4,3,0,0,0,0,0,0
builder,7,5,3,0,0,0,0,0,0
builder,7,6,0,0,0,0,0,0,0
builder,7,7,0,0,0,0,0,0,0
builder,7,8,0,0,0,0,0,0,0
builder,7,9,0,0,0,0,0,0,0
builder,7,10,0,0,0,0,0,0,0
builder,7,11,0,0,0,0,0,0,0
builder,7,12,0,0,0,0,0,0,0
builder,7,13,0,0,0,0,0,0,0
builder,7,14,0,0,0,0,0,0,0
builder,7,15,0,0,0,0,0,0,0
builder,7,16,0,0,0,0,0,0,0
builder,7,17,0,0,0,0,0,0,0
builder,7,18,0,0,0,0,0,0,0
builder,7,19,0,0,0,0,0,0,0
builder,7,20,0,0,0,0,0,0,0
builder,7,21,0,0,0,0,0,0,0
builder,7,22,0,0,0,0,0,0,0
builder,7,23,0,0,0,0,0,0,0
builder,7,24,0,0,0,0,0,0,0
builder,7,25,0,0,0,0,0,0,0
builder,7,26,0,0,0,0,0,0,0
builder,7,27,0,0,0,0,0,0,0
builder,7,28,0,0,0,0,0,0,0
builder,7,29,0,0,0,0,0,0,0
builder,7,30,0,0,0,0,0,0,0
builder,42,1,27,0,0,0,0,0,0
builder,42,2,27,0,0,0,0,0,0
builder,42,3,27,0,0,0,0,0,0
builder,42,4,27,0,0,0,0,0,0
builder,42,5,27,0,0,0,0,0,0
builder,42,6,26,0,0,0,0,0,0
builder,42,7,25,0,0,0,0,0,0
builder,42,8,25,0,0,0,0,0,0
builder,42,9,25,0,0,0,0,0,0
builder,42,10,25,0,0,0,0,0,0
builder,42,11,25,0,0,0,0,0,0
builder,42,12,25,0,0,0,0,0,0
builder,42,13,25,0,0,0,0,0,0
builder,42,14,25,0,0,0,0,0,0
builder,42,15,25,0,0,0,0,0,0
builder,42,16,15,0,0,0,0,0,0
builder,42,17,15,0,0,0,0,0,0
builder,42,18,11,0,0,0,0,0,0
builder,42,19,11,0,0,0,0,0,0
builder,42,20,1,0,0,0,0,0,0
builder,42,21,1,0,0,0,0,0,0
builder,42,22,1,0,0,0,0,0,0
builder,42,23,0,0,0,0,0,0,0
builder,42,24,0,0,0,0,0,0,0
builder,42,25,0,0,0,0,0,0,0
builder,42,26,0,0,0,0,0,0,0
builder,42,27,0,0,0,0,0,0,0
builder,42,28,0,0,0,0,0,0,0
builder,42,29,0,0,0,0,0,0,0
builder,42,30,0,0,0,0,0,0,0
builder,42,31,0,0,0,0,0,0,0
builder,42,32,0,0,0,0,0,0,0
builder,42,33,0,0,0,0,0,0,0
builder,42,34,0,0,0,0,0,0,0
builder,42,35,0,0,0,0,0,0,0
builder,42,36,0,0,0,0,0,0,0
builder,42,37,0,0,0,0,0,0,0
builder,42,38,0,0,0,0,0,0,0
builder,42,39,0,0,0,0,0,0,0
builder,42,40,0,0,0,0,0,0,0
builder,42,41,0,0,0,0,0,0,0
builder,42,42,0,0,0,0,0,0,0
builder,42,43,0,0,0,0,0,0,0
builder,42,44,0,0,0,0,0,0,0
builder,42,45,0,0,0,0,0,0,0
builder,42,46,0,0,0,0,0,0,0
builder,42,47,0,0,0,0,0,0,0
builder,42,48,0,0,0,0,0,0,0
builder,42,49,0,0,0,0,0,0,0
builder,42,50,0,0,0,0,0,0,0
builder,42,51,0,0,0,0,0,0,0
builder,42,52,0,0,0,0,0,0,0
builder,42,53,0,0,0,0,0,0,0
builder,42,54,0,0,0,0,0,0,0
builder,42,55,0,0,0,0,0,0,0
builder,42,56,0,0,0,0,0,0,0
builder,42,57,0,0,0,0,0,0,0
builder,42,58,0,0,0,0,0,0,0
builder,42,59,0,0,0,0,0,0,0
builder,42,60,0,0,0,0,0,0,0
builder,42,61,0,0,0,0,0,0,0
builder,42,62,0,0,0,0,0,0,0
builder,42,63,0,0,0,0,0,0,0
builder,42,64,0,0,0,0,0,0,0
builder,42,65,0,0,0,0,0,0,0
builder,42,66,0,0,0,0,0,0,0
builder,42,67,0,0,0,0,0,0,0
builder,42,68,0,0,0,0,0,0,0
builder,42,69,0,0,0,0,0,0,0
builder,42,70,0,0,0,0,0,0,0
builder,42,71,0,0,0,0,0,0,0
builder,42,72,0,0,0,0,0,0,0
builder,42,73,0,0,0,0,0,0,0
builder,42,74,0,0,0,0,0,0,0
builder,42,75,0,0,0,0,0,0,0
builder,42,76,0,0,0,0,0,0,0
builder,42,77,0,0,0,0,0,0,0
builder,42,78,0,0,0,0,0,0,0
builder,42,79,0,0,0,0,0,0,0
builder,42,80,0,0,0,0,0,0,0
builder,42,81,0,0,0,0,0,0,0
builder,42,82,0,0,0,0,0,0,0
builder,42,83,0,0,0,0,0,0,0
builder,42,84,0,0,0,0,0,0,0
builder,42,85,0,0,0,0,0,0,0
builder,42,86,0,0,0,0,0,0,0
builder,42,87,0,0,0,0,0,0,0
builder,42,88,0,0,0,0,0,0,0
builder,42,89,0,0,0,0,0,0,0
builder,42,90,0,0,0,0,0,0,0
builder,42,91,0,0,0,0,0,0,0
builder,42,92,0,0,0,0,0,0,0
builder,42,93,0,0,0,0,0,0,0
builder,42,94,0,0,0,0,0,0,0
builder,42,95,0,0,0,0,0,0,0
builder,42,96,0,0,0,0,0,0,0
builder,42,97,0,0,0,0,0,0,0
builder,42,98,0,0,0,0,0,0,0
builder,42,99,0,0,0,0,0,0,0
builder,42,100,0,0,0,0,0,0,0
isolationist,7,1,24,0,0,0,0,0,0
isolationist,7,2,19,0,0,0,0,0,0
isolationist,7,3,2,0,0,0,0,0,0
isolationist,7,4,2,0,0,0,0,0,0
isolationist,7,5,2,0,0,0,0,0,0
isolationist,7,6,0,0,0,0,0,0,0
isolationist,7,7,0,0,0,0,0,0,0
isolationist,7,8,0,0,0,0,0,0,0
isolationist,7,9,0,0,0,0,0,0,0
isolationist,7,10,0,0,0,0,0,0,0
isolationist,7,11,0,0,0,0,0,0,0
isolationist,7,12,0,0,0,0,0,0,0
isolationist,7,13,0,0,0,0,0,0,0
isolationist,7,14,0,0,0,0,0,0,0
isolationist,7,15,0,0,0,0,0,0,0
isolationist,7,16,0,0,0,0,0,0,0
isolationist,7,17,0,0,0,0,0,0,0
isolationist,7,18,0,0,0,0,0,0,0
isolationist,7,19,0,0,0,0,0,0,0
isolationist,7,20,0,0,0,0,0,0,0
isolationist,7,21,0,0,0,0,0,0,0
isolationist,7,22,0,0,0,0,0,0,0
isolationist,7,23,0,0,0,0,0,0,0
isolationist,42,1,24,0,0,0,0,0,0
isolationist,42,2,22,0,0,0,0,0,0
isolationist,42,3,17,0,0,0,0,0,0
isolationist,42,4,13,0,0,0,0,0,0
isolationist,42,5,12,0,0,0,0,0,0
isolationist,42,6,11,0,0,0,0,0,0
isolationist,42,7,8,0,0,0,0,0,0
isolationist,42,8,33,0,0,0,0,0,0
isolationist,42,9,29,0,0,0,0,0,0
isolationist,42,10,21,0,0,0,0,0,0
isolationist,42,11,16,0,0,0,0,0,0
isolationist,42,12,12,0,0,0,0,0,0
isolationist,42,13,12,0,0,0,0,0,0
isolationist,42,14,2,0,0,0,0,0,0
isolationist,42,15,2,0,0,0,0,0,0
isolationist,42,16,0,0,0,0,0,0,0
isolationist,42,17,0,0,0,0,0,0,0
isolationist,42,18,0,0,0,0,0,0,0
isolationist,42,19,0,0,0,0,0,0,0
isolationist,42,20,0,0,0,0,0,0,0
isolationist,42,21,0,0,0,0,0,0,0
isolationist,42,22,0,0,0,0,0,0,0
isolationist,42,23,0,0,0,0,0,0,0
expansionist,7,1,25,0,0,0,0,0,0
expansionist,7,2,20,0,0,0,0,0,0
expansionist,7,3,2,0,0,0,0,0,0
expansionist,7,4,2,0,0,0,0,0,0
expansionist,7,5,2,0,0,0,0,0,0
expansionist,7,6,0,0,0,0,0,0,0
expansionist,7,7,0,0,0,0,0,0,0
expansionist,7,8,0,0,0,0,0,0,0
expansionist,7,9,0,0,0,0,0,0,0
expansionist,7,10,320,1,0,0,0,0,0
expansionist,7,11,0,0,0,0,0,0,0
expansionist,7,12,0,0,0,0,0,0,0
expansionist,7,13,0,0,0,0,0,0,0
expansionist,7,14,0,0,0,0,0,0,0
expansionist,7,15,0,0,0,0,0,0,0
expansionist,7,16,0,0,0,0,0,0,0
expansionist,7,17,0,0,0,0,0,0,0
expansionist,7,18,0,0,0,0,0,0,0
expansionist,7,19,0,0,0,0,0,0,0
expansionist,7,20,0,0,0,0,0,0,0
expansionist,7,21,0,0,0,0,0,0,0
expansionist,7,22,0,0,0,0,0,0,0
expansionist,42,1,27,0,0,0,0,0,0
expansionist,42,2,0,0,0,0,0,0,0
expansionist,42,3,0,0,0,0,0,0,0
expansionist,42,4,0,0,0,0,0,0,0
expansionist,42,5,0,0,0,0,0,0,0
expansionist,42,6,0,0,0,0,0,0,0
expansionist,42,7,0,0,0,0,0,0,0
expansionist,42,8,0,0,0,0,0,0,0
expansionist,42,9,0,0,0,0,0,0,0
expansionist,42,10,0,0,0,0,0,0,0
expansionist,42,11,0,0,0,0,0,0,0
expansionist,42,12,0,0,0,0,0,0,0
expansionist,42,13,0,0,0,0,0,0,0
expansionist,42,14,0,0,0,0,0,0,0
expansionist,42,15,0,0,0,0,0,0,0
expansionist,42,16,0,0,0,0,0,0,0
expansionist,42,17,0,0,0,0,0,0,0
expansionist,42,18,0,0,0,0,0,0,0
expansionist,42,19,0,0,0,0,0,0,0
expansionist,42,20,0,0,0,0,0,0,0
expansionist,42,21,0,0,0,0,0,0,0
expansionist,42,22,0,0,0,0,0,0,0
expansionist,42,23,0,0,0,0,0,0,0
expansionist,42,24,0,0,0,0,0,0,0
balanced,7,1,27,0,0,0,0,0,0
balanced,7,2,26,0,0,0,0,0,0
balanced,7,3,2,0,0,0,0,0,0
balanced,7,4,2,0,0,0,0,0,0
balanced,7,5,2,0,0,0,0,0,0
balanced,7,6,0,0,0,0,0,0,0
balanced,7,7,0,0,0,0,0,0,0
balanced,7,8,0,0,0,0,0,0,0
balanced,7,9,0,0,0,0,0,0,0
balanced,7,10,0,0,0,0,0,0,0
balanced,7,11,0,0,0,0,0,0,0
balanced,7,12,0,0,0,0,0,0,0
balanced,7,13,25,0,0,0,0,0,0
balanced,7,14,50,0,0,0,0,0,0
balanced,7,15,75,0,0,0,0,0,0
balanced,7,16,100,0,0,0,0,0,0
balanced,7,17,100,0,0,0,0,0,0
balanced,7,18,10,0,0,0,0,0,0
balanced,7,19,8,0,0,0,0,0,0
balanced,7,20,8,0,0,0,0,0,0
balanced,7,21,8,0,0,0,0,0,0
balanced,7,22,8,0,0,0,0,0,0
balanced,7,23,33,0,0,0,0,0,0
balanced,7,24,58,0,0,0,0,0,0
balanced,7,25,83,0,0,0,0,0,0
balanced,7,26,108,0,0,0,0,0,0
balanced,7,27,108,0,0,0,0,0,0
balanced,7,28,133,0,0,0,0,0,0
balanced,7,29,158,0,0,0,0,0,0
balanced,7,30,183,0,0,0,0,0,0
balanced,7,31,208,0,0,0,0,0,0
balanced,7,32,208,0,0,0,0,0,0
balanced,7,33,187,0,0,0,0,0,0
balanced,7,34,212,0,0,0,0,0,0
balanced,7,35,237,0,0,0,0,0,0
balanced,7,36,262,0,0,0,0,0,0
balanced,7,37,262,0,0,0,0,0,0
balanced,7,38,287,0,0,0,0,0,0
balanced,7,39,312,0,0,0,0,0,0
balanced,7,40,337,0,0,0,0,0,0
balanced,7,41,5,0,0,0,0,0,0
balanced,7,42,5,0,0,0,0,0,0
balanced,7,43,4,0,0,0,0,0,0
balanced,7,44,0,0,0,0,0,0,0
balanced,7,45,0,0,0,0,0,0,0
balanced,7,46,0,0,0,0,0,0,0
balanced,7,47,0,0,0,0,0,0,0
balanced,7,48,19,0,0,0,0,0,0
balanced,7,49,44,0,0,0,0,0,0
balanced,7,50,69,0,0,0,0,0,0
balanced,7,51,94,0,0,0,0,0,0
balanced,7,52,94,0,0,0,0,0,0
balanced,7,53,13,0,0,0,0,0,0
balanced,7,54,13,0,0,0,0,0,0
balanced,7,55,30,0,0,0,0,0,0
balanced,7,56,55,0,0,0,0,0,0
balanced,7,57,55,0,0,0,0,0,0
balanced,7,58,80,0,0,0,0,0,0
balanced,7,59,105,0,0,0,0,0,0
balanced,7,60,103,0,0,0,0,0,0
balanced,7,61,128,0,0,0,0,0,0
balanced,7,62,128,0,0,0,0,0,0
balanced,7,63,153,0,0,0,0,0,0
balanced,7,64,178,0,0,0,0,0,0
balanced,7,65,203,0,0,0,0,0,0
balanced,7,66,184,0,0,0,0,0,0
balanced,7,67,184,0,0,0,0,0,0
balanced,7,68,147,0,0,0,0,0,0
balanced,7,69,172,0,0,0,0,0,0
balanced,7,70,197,0,0,0,0,0,0
balanced,7,71,222,0,0,0,0,0,0
balanced,7,72,222,0,0,0,0,0,0
balanced,7,73,247,0,0,0,0,0,0
balanced,7,74,272,0,0,0,0,0,0
balanced,7,75,297,0,0,0,0,0,0
balanced,7,76,322,0,0,0,0,0,0
balanced,7,77,322,0,0,0,0,0,0
balanced,7,78,347,0,0,0,0,0,0
balanced,7,79,372,0,0,0,0,0,0
balanced,7,80,397,0,0,0,0,0,0
balanced,7,81,422,0,0,0,0,0,0
balanced,7,82,422,0,0,0,0,0,0
balanced,7,83,447,0,0,0,0,0,0
balanced,7,84,472,0,0,0,0,0,0
balanced,7,85,497,0,0,0,0,0,0
balanced,7,86,522,0,0,0,0,0,0
balanced,7,87,522,0,0,0,0,0,0
balanced,7,88,547,0,0,0,0,0,0
balanced,7,89,572,0,0,0,0,0,0
balanced,7,90,597,0,0,0,0,0,0
balanced,7,91,622,0,0,0,0,0,0
balanced,7,92,622,0,0,0,0,0,0
balanced,7,93,647,0,0,0,0,0,0
balanced,7,94,672,0,0,0,0,0,0
balanced,7,95,697,0,0,0,0,0,0
balanced,7,96,722,0,0,0,0,0,0
balanced,7,97,722,0,0,0,0,0,0
balanced,7,98,747,0,0,0,0,0,0
balanced,7,99,772,0,0,0,0,0,0
balanced,7,100,797,0,0,0,0,0,0
balanced,42,1,52,0,0,0,0,0,0
balanced,42,2,50,0,0,0,0,0,0
balanced,42,3,45,0,0,0,0,0,0
balanced,42,4,35,0,0,0,0,0,0
balanced,42,5,29,0,0,0,0,0,0
balanced,42,6,25,0,0,0,0,0,0
balanced,42,7,19,0,0,0,0,0,0
balanced,42,8,19,0,0,0,0,0,0
balanced,42,9,12,0,0,0,0,0,0
balanced,42,10,11,0,0,0,0,0,0
balanced,42,11,11,0,0,0,0,0,0
balanced,42,12,11,0,0,0,0,0,0
balanced,42,13,11,0,0,0,0,0,0
balanced,42,14,10,0,0,0,0,0,0
balanced,42,15,10,0,0,0,0,0,0
balanced,42,16,10,0,0,0,0,0,0
balanced,42,17,10,0,0,0,0,0,0
balanced,42,18,10,0,0,0,0,0,0
balanced,42,19,10,0,0,0,0,0,0
balanced,42,20,32,0,0,0,0,0,0
balanced,42,21,24,0,0,0,0,0,0
balanced,42,22,18,0,0,0,0,0,0
exploit-hunter,7,1,115,2,2,0,0,0,19
exploit-hunter,7,2,217,2,2,0,0,0,37
exploit-hunter,7,3,338,2,2,0,0,0,37
exploit-hunter,7,4,395,2,2,0,0,0,37
exploit-hunter,7,5,465,2,2,0,0,0,37
exploit-hunter,7,6,525,2,2,0,0,0,37
exploit-hunter,7,7,565,2,2,0,0,0,37
exploit-hunter,7,8,585,2,2,0,0,0,37
exploit-hunter,7,9,625,2,2,0,0,0,37
exploit-hunter,7,10,705,2,2,0,0,0,37
exploit-hunter,7,11,785,2,2,0,0,0,37
exploit-hunter,7,12,865,2,2,0,0,0,37
exploit-hunter,7,13,925,2,2,0,0,0,37
exploit-hunter,7,14,985,2,2,0,0,0,37
exploit-hunter,7,15,1025,2,2,0,0,0,37
exploit-hunter,7,16,1045,2,2,0,0,0,37
exploit-hunter,7,17,974,2,2,0,0,0,37
exploit-hunter,7,18,1034,2,2,0,0,0,37
exploit-hunter,7,19,1054,2,2,0,0,0,37
exploit-hunter,7,20,1094,2,2,0,0,0,37
exploit-hunter,7,21,1134,2,2,0,0,0,37
exploit-hunter,7,22,1214,2,2,0,0,0,37
exploit-hunter,7,23,1234,2,2,0,0,0,37
exploit-hunter,7,24,1234,2,2,0,0,0,37
exploit-hunter,7,25,1254,2,2,0,0,0,37
exploit-hunter,7,26,1294,2,2,0,0,0,37
exploit-hunter,7,27,1294,2,2,0,0,0,37
exploit-hunter,7,28,1314,2,2,0,0,0,37
exploit-hunter,7,29,1314,2,2,0,0,0,37
exploit-hunter,7,30,1314,2,2,0,0,0,37
exploit-hunter,7,31,1133,2,2,0,0,0,37
exploit-hunter,7,32,1105,2,2,0,0,0,37
exploit-hunter,7,33,1185,2,2,0,0,0,37
exploit-hunter,7,34,1265,2,2,0,0,0,37
exploit-hunter,7,35,1345,2,2,0,0,0,37
exploit-hunter,7,36,1425,2,2,0,0,0,37
exploit-hunter,7,37,1425,2,2,0,0,0,37
exploit-hunter,7,38,1445,2,2,0,0,0,37
exploit-hunter,7,39,1445,2,2,0,0,0,37
exploit-hunter,7,40,1465,2,2,0,0,0,37
exploit-hunter,7,41,1465,2,2,0,0,0,37
exploit-hunter,7,42,1505,2,2,0,0,0,37
exploit-hunter,7,43,1325,2,2,0,0,0,37
exploit-hunter,7,44,1313,2,2,0,0,0,37
exploit-hunter,7,45,1333,2,2,0,0,0,37
exploit-hunter,7,46,1353,2,2,0,0,0,37
exploit-hunter,7,47,1413,2,2,0,0,0,37
exploit-hunter,7,48,1453,2,2,0,0,0,37
exploit-hunter,7,49,1453,2,2,0,0,0,37
exploit-hunter,7,50,1493,2,2,0,0,0,37
exploit-hunter,7,51,1325,2,2,0,0,0,37
exploit-hunter,7,52,1289,2,2,0,0,0,37
exploit-hunter,7,53,1131,2,2,0,0,0,37
exploit-hunter,7,54,822,2,2,0,0,0,37
exploit-hunter,7,55,730,2,2,0,0,0,37
exploit-hunter,7,56,790,2,2,0,0,0,37
exploit-hunter,7,57,810,2,2,0,0,0,37
exploit-hunter,7,58,800,2,2,0,0,0,37
exploit-hunter,7,59,718,2,2,0,0,0,37
exploit-hunter,7,60,666,2,2,0,0,0,37
exploit-hunter,42,1,97,2,2,0,0,0,0
exploit-hunter,42,2,94,1,1,0,0,0,22
exploit-hunter,42,3,206,2,2,0,0,0,28
exploit-hunter,42,4,321,2,2,0,0,0,28
exploit-hunter,42,5,401,2,2,0,0,0,28
exploit-hunter,42,6,481,2,2,0,0,0,28
exploit-hunter,42,7,501,2,2,0,0,0,28
exploit-hunter,42,8,561,2,2,0,0,0,28
exploit-hunter,42,9,621,2,2,0,0,0,28
exploit-hunter,42,10,641,2,2,0,0,0,28
exploit-hunter,42,11,661,2,2,0,0,0,28
exploit-hunter,42,12,661,2,2,0,0,0,28
exploit-hunter,42,13,701,2,2,0,0,0,28
exploit-hunter,42,14,721,2,2,0,0,0,28
exploit-hunter,42,15,781,2,2,0,0,0,28
exploit-hunter,42,16,801,2,2,0,0,0,28
exploit-hunter,42,17,841,2,2,0,0,0,28
exploit-hunter,42,18,861,2,2,0,0,0,28
exploit-hunter,42,19,861,2,2,0,0,0,28
exploit-hunter,42,20,901,2,2,0,0,0,28
exploit-hunter,42,21,981,2,2,0,0,0,28
exploit-hunter,42,22,1021,2,2,0,0,0,28
exploit-hunter,42,23,974,2,2,0,0,0,28
exploit-hunter,42,24,1034,2,2,0,0,0,28
exploit-hunter,42,25,1074,2,2,0,0,0,28
exploit-hunter,42,26,1074,2,2,0,0,0,28
exploit-hunter,42,27,982,2,2,0,0,0,28
exploit-hunter,42,28,859,2,2,0,0,0,28
exploit-hunter,42,29,794,2,2,0,0,0,28
exploit-hunter,42,30,874,2,2,0,0,0,28
exploit-hunter,42,31,954,2,2,0,0,0,28
exploit-hunter,42,32,954,2,2,0,0,0,28
exploit-hunter,42,33,954,2,2,0,0,0,28
exploit-hunter,42,34,954,2,2,0,0,0,28
exploit-hunter,42,35,954,2,2,0,0,0,28
exploit-hunter,42,36,954,2,2,0,0,0,28
exploit-hunter,42,37,994,2,2,0,0,0,28
exploit-hunter,42,38,1054,2,2,0,0,0,28
exploit-hunter,42,39,1134,2,2,0,0,0,28
exploit-hunter,42,40,1214,2,2,0,0,0,28
exploit-hunter,42,41,1105,2,2,0,0,0,28
exploit-hunter,42,42,1062,2,2,0,0,0,28
exploit-hunter,42,43,957,2,2,0,0,0,28
exploit-hunter,42,44,957,2,2,0,0,0,28
exploit-hunter,42,45,997,2,2,0,0,0,28
exploit-hunter,42,46,1037,2,2,0,0,0,28
exploit-hunter,42,47,1057,2,2,0,0,0,28
exploit-hunter,42,48,1137,2,2,0,0,0,28
exploit-hunter,42,49,1197,2,2,0,0,0,28
exploit-hunter,42,50,1170,2,2,0,0,0,28
exploit-hunter,42,51,1190,2,2,0,0,0,28
exploit-hunter,42,52,1190,2,2,0,0,0,28
exploit-hunter,42,53,1210,2,2,0,0,0,28
exploit-hunter,42,54,1250,2,2,0,0,0,28
exploit-hunter,42,55,1270,2,2,0,0,0,28
exploit-hunter,42,56,1290,2,2,0,0,0,28
exploit-hunter,42,57,1370,2,2,0,0,0,28
exploit-hunter,42,58,1160,2,2,0,0,0,28
exploit-hunter,42,59,992,2,2,0,0,0,28
exploit-hunter,42,60,1052,2,2,0,0,0,28
exploit-hunter,42,61,1072,2,2,0,0,0,28
exploit-hunter,42,62,1072,2,2,0,0,0,28
exploit-hunter,42,63,1072,2,2,0,0,0,28
exploit-hunter,42,64,1025,2,2,0,0,0,28
exploit-hunter,42,65,1045,2,2,0,0,0,28
exploit-hunter,42,66,1006,2,2,0,0,0,28
exploit-hunter,42,67,1046,2,2,0,0,0,28
exploit-hunter,42,68,1086,2,2,0,0,0,28
exploit-hunter,42,69,1064,2,2,0,0,0,28
exploit-hunter,42,70,968,2,2,0,0,0,28
exploit-hunter,42,71,968,2,2,0,0,0,28
exploit-hunter,42,72,880,2,2,0,0,0,28
exploit-hunter,42,73,769,2,2,0,0,0,28
exploit-hunter,42,74,739,2,2,0,0,0,28
exploit-hunter,42,75,739,2,2,0,0,0,28
exploit-hunter,42,76,759,2,2,0,0,0,28
exploit-hunter,42,77,759,2,2,0,0,0,28
exploit-hunter,42,78,839,2,2,0,0,0,28
exploit-hunter,42,79,879,2,2,0,0,0,28
exploit-hunter,42,80,899,2,2,0,0,0,28
exploit-hunter,42,81,939,2,2,0,0,0,28
exploit-hunter,42,82,1019,2,2,0,0,0,28
exploit-hunter,42,83,1039,2,2,0,0,0,28
exploit-hunter,42,84,1059,2,2,0,0,0,28
exploit-hunter,42,85,1079,2,2,0,0,0,28
exploit-hunter,42,86,1159,2,2,0,0,0,28
exploit-hunter,42,87,1239,2,2,0,0,0,28
exploit-hunter,42,88,1299,2,2,0,0,0,28
exploit-hunter,42,89,1319,2,2,0,0,0,28
exploit-hunter,42,90,1279,2,2,0,0,0,28
exploit-hunter,42,91,1267,2,2,0,0,0,28
exploit-hunter,42,92,1052,2,2,0,0,0,28
exploit-hunter,42,93,908,2,2,0,0,0,28
exploit-hunter,42,94,928,2,2,0,0,0,28
exploit-hunter,42,95,1008,2,2,0,0,0,28
exploit-hunter,42,96,1028,2,2,0,0,0,28
exploit-hunter,42,97,1108,2,2,0,0,0,28
exploit-hunter,42,98,1188,2,2,0,0,0,28
exploit-hunter,42,99,1208,2,2,0,0,0,28
